#Table S12. Interproton distances (Å) for Peptide 4b derived from NOE build-up measurements.,,,,,,,
,Residue A,Residue B,δA (ppm),δB (ppm),σ,R2,Distance rAB (Å)
1,G1NH,Q2NH,8.90,8.14,0.0000207,0.99,3.35
2,G1NH,Q2α,8.90,4.32,0.0002400,0.99,2.22
3,G1NH,A9NH,8.90,7.73,0.0000036,0.99,4.48
4,hS8NH,A9α,8.49,4.52,0.0001990,0.99,2.30
5,G5NH,P6α,8.47,4.27,0.0001786,0.99,2.34
6,G5NH,A4NH,8.47,7.74,0.0000506,0.99,2.88
7,V7NH,hS8α,8.40,4.73,0.0002186,0.99,2.26
8,Q2NH,X3α,8.14,4.65,0.0002692,0.99,2.18
9,Q2NH,A9NH,8.14,7.73,0.0000159,0.99,3.50

